0.263994, -0.403624, 0.023383, 0.000000
0.238821, -0.395361, 0.020204, 0.078674
0.239671, -0.395086, 0.021602, 0.102081
0.248255, -0.396343, 0.021236, 0.074989
0.252692, -0.395583, 0.020744, 0.000000
0.235275, -0.394335, 0.020264, 0.000000
0.245404, -0.399001, 0.022160, 0.109666
0.239690, -0.397645, 0.020987, 0.000000
0.241623, -0.394833, 0.020987, 0.149762
0.245493, -0.396703, 0.021244, 0.124404
0.246811, -0.394355, 0.019807, 0.174902
0.259223, -0.396795, 0.021248, 0.179020
0.256741, -0.396632, 0.021704, 0.146511
0.253934, -0.394037, 0.018578, 0.209146
0.267092, -0.394280, 0.017849, 0.179454
0.274241, -0.394417, 0.017681, 0.187690
0.280968, -0.396069, 0.019141, 0.229519
0.292997, -0.398302, 0.018719, 0.205678
0.293453, -0.398637, 0.018453, 0.200694
0.296148, -0.399737, 0.019544, 0.217382
0.300936, -0.401053, 0.019665, 0.220199
0.317027, -0.385072, -0.006389, 0.206979
0.326940, -0.383819, 0.006379, 0.225834
0.356250, -0.386124, 0.006644, 0.255960
0.373401, -0.378782, -0.006440, 0.279584
0.389460, -0.385854, 0.009306, 0.305375
0.410257, -0.388830, 0.007556, 0.312744
0.430430, -0.388731, 0.006987, 0.332250
0.448063, -0.395065, 0.009645, 0.331599
0.469690, -0.398434, 0.009990, 0.341786
0.482005, -0.401209, 0.011082, 0.345470
0.515611, -0.401285, 0.011116, 0.348288
0.543685, -0.399529, 0.008717, 0.357824
0.577997, -0.404847, 0.010978, 0.360858
0.596546, -0.405216, 0.007684, 0.365626
0.626011, -0.403424, 0.006642, 0.367143
0.645371, -0.403284, 0.005752, 0.371912
0.684269, -0.401172, 0.000774, 0.372779
0.706073, -0.405801, 0.001914, 0.372779
0.740743, -0.402465, -0.000331, 0.377763
0.761370, -0.403523, -0.002387, 0.378197
0.799634, -0.405976, -0.001962, 0.382748
0.823952, -0.409672, -0.001151, 0.380364
0.843092, -0.410115, -0.002761, 0.384699
0.891629, -0.409687, -0.002539, 0.383182
0.922533, -0.409140, -0.005474, 0.386866
0.948030, -0.409259, -0.006097, 0.385566
0.975435, -0.411915, -0.006426, 0.388166
0.992390, -0.414321, -0.006473, 0.387733
1.019966, -0.417932, -0.006525, 0.387083
1.051536, -0.423336, -0.005010, 0.390117
1.065227, -0.422819, -0.008228, 0.387516
1.079847, -0.423497, -0.008585, 0.388383
1.091117, -0.418170, -0.009549, 0.402254
1.109481, -0.424872, -0.008251, 0.401604
1.139645, -0.420975, -0.011146, 0.406805
1.168595, -0.421149, -0.012612, 0.406155
1.178774, -0.419291, -0.014390, 0.404855
1.208267, -0.420547, -0.013720, 0.407022
1.226970, -0.419299, -0.015673, 0.400737
1.249808, -0.421607, -0.015400, 0.401387
1.282629, -0.429058, -0.014618, 0.375596
1.298912, -0.430084, -0.014435, 0.423494
1.307255, -0.428257, -0.016953, 0.417642
1.345009, -0.431114, -0.014545, 0.382531
1.354087, -0.434006, -0.014051, 0.381664
1.390468, -0.435159, -0.013748, 0.435847
1.411568, -0.430339, -0.013764, 0.431730
1.419803, -0.433267, -0.011663, 0.433030
1.442404, -0.435960, -0.014325, 0.426094
1.454810, -0.439269, -0.012223, 0.417859
1.476589, -0.436773, -0.015044, 0.406155
1.503535, -0.438312, -0.017819, 0.404855
1.517824, -0.437218, -0.018022, 0.398353
1.544872, -0.437043, -0.022010, 0.378197
1.563313, -0.438222, -0.020571, 0.417208
1.582847, -0.438617, -0.021184, 0.415475
1.608486, -0.439976, -0.016023, 0.415258
1.631501, -0.439573, -0.018816, 0.409189
1.667566, -0.440340, -0.020215, 0.400520
1.692448, -0.438224, -0.020116, 0.402254
1.745997, -0.438281, -0.022137, 0.399220
1.777378, -0.437378, -0.021674, 0.397919
1.823804, -0.445313, -0.017444, 0.397269
1.858183, -0.450068, -0.011650, 0.395752
1.914888, -0.451286, -0.009342, 0.382315
1.929969, -0.452614, -0.006211, 0.415908
1.955966, -0.458206, -0.001412, 0.415258
1.978246, -0.460889, 0.000805, 0.402471
2.000126, -0.464717, 0.006098, 0.406805
2.014713, -0.461919, 0.008084, 0.405722
2.018411, -0.459141, 0.011963, 0.403121
2.039009, -0.458733, 0.012834, 0.408322
2.051784, -0.461938, 0.015988, 0.410056
2.057140, -0.464108, 0.018621, 0.405722
2.078839, -0.465388, 0.020338, 0.405505
2.095756, -0.462431, 0.018720, 0.402471
2.114052, -0.458901, 0.019089, 0.399220
2.132002, -0.451062, 0.013059, 0.399653
2.160183, -0.450648, 0.013406, 0.396836
2.183297, -0.446966, 0.014468, 0.397052
2.198016, -0.438854, 0.012622, 0.394668
2.209176, -0.439180, 0.019298, 0.393585
2.218754, -0.440117, 0.018151, 0.391634
2.243076, -0.439284, 0.020111, 0.415041
2.260253, -0.440833, 0.023893, 0.385349
2.289010, -0.446235, 0.028897, 0.387950
2.311301, -0.449607, 0.029228, 0.397269
2.325899, -0.446270, 0.025355, 0.412007
2.329344, -0.446402, 0.026190, 0.414174
2.336393, -0.450047, 0.025803, 0.427178
2.355415, -0.446141, 0.018759, 0.420676
2.381086, -0.439816, 0.016256, 0.417642
2.415345, -0.437612, 0.016464, 0.408973
2.443253, -0.438468, 0.017688, 0.402254
2.469660, -0.435457, 0.013051, 0.396186
2.478438, -0.433233, 0.012701, 0.396186
2.517427, -0.444611, 0.028926, 0.396402
2.560727, -0.444037, 0.012343, 0.392068
2.593876, -0.446779, 0.025010, 0.390550
2.644415, -0.451632, 0.020246, 0.387083
2.685684, -0.454283, 0.016264, 0.387083
2.709341, -0.454533, 0.017406, 0.387733
2.742040, -0.454812, 0.013429, 0.389467
2.763624, -0.450889, 0.010620, 0.388383
2.829069, -0.453373, 0.005799, 0.389900
2.868546, -0.453451, 0.004103, 0.388600
2.894983, -0.452349, 0.004078, 0.388600
2.921783, -0.454851, 0.003550, 0.354356
2.927101, -0.449885, 0.003971, 0.382098
2.942213, -0.450951, 0.002373, 0.385349
2.970701, -0.450311, 0.001429, 0.390984
2.996755, -0.450666, -0.000036, 0.429996
3.014375, -0.450846, -0.001546, 0.215215
3.022413, -0.452590, -0.000602, 0.211313
3.048467, -0.457524, 0.002830, 0.243390
3.036789, -0.459029, 0.000303, 0.254226
3.054494, -0.462761, 0.004127, 0.258778
3.053646, -0.466846, 0.003727, 0.262462
3.080815, -0.467647, 0.007343, 0.244473
3.102658, -0.468594, 0.008926, 0.277200
3.128734, -0.468154, 0.007401, 0.298440
3.164072, -0.471808, 0.007132, 0.302774
3.189215, -0.474128, 0.004473, 0.293671
3.201390, -0.483456, 0.017514, 0.297573
3.179267, -0.483482, 0.012042, 0.364326
3.182695, -0.486433, 0.019425, 0.370611
3.201422, -0.488829, 0.017949, 0.397919
3.243313, -0.489655, 0.016215, 0.406372
3.268442, -0.488450, 0.014585, 0.411573
3.304436, -0.488127, 0.014449, 0.414608
3.329636, -0.489481, 0.013447, 0.416992
3.351866, -0.488842, 0.013796, 0.424577
3.376624, -0.491476, 0.014360, 0.427395
3.406384, -0.492989, 0.015216, 0.429779
3.438428, -0.493216, 0.014065, 0.352189
3.480268, -0.495147, 0.011047, 0.442566
3.498385, -0.499069, 0.009941, 0.375379
3.537881, -0.496716, 0.009158, 0.455787
3.573320, -0.494813, 0.004323, 0.458388
3.608713, -0.494907, 0.004691, 0.444517
3.632555, -0.492179, 0.003359, 0.461855
3.676893, -0.492417, 0.003090, 0.502167
3.712872, -0.489270, -0.000510, 0.513871
3.748242, -0.489993, 0.001137, 0.508453
3.805454, -0.493095, -0.001014, 0.541829
3.841431, -0.497924, 0.002241, 0.503901
3.878800, -0.499178, 0.000926, 0.622670
3.922356, -0.500962, 0.000161, 0.520373
3.945921, -0.504901, 0.000513, 0.676420
4.008164, -0.506266, 0.001714, 0.655180
4.024759, -0.505056, -0.004604, 0.629389
4.043494, -0.515085, -0.001341, 0.614651
4.083948, -0.517150, -0.002809, 0.589510
4.111705, -0.521200, -0.001085, 0.584742
4.159320, -0.519367, -0.007515, 0.568270
4.198864, -0.522047, -0.007728, 0.537928
4.245281, -0.525892, -0.005480, 0.513221
4.281263, -0.525215, -0.009138, 0.504551
4.313452, -0.523179, -0.011011, 0.492848
4.332022, -0.524641, -0.012203, 0.491764
4.363042, -0.521870, -0.017421, 0.484179
4.401030, -0.526976, -0.013212, 0.480061
4.425808, -0.527425, -0.016407, 0.478760
4.444009, -0.528365, -0.015883, 0.478760
4.463166, -0.528070, -0.019980, 0.475509
4.479967, -0.530184, -0.018819, 0.468791
4.484054, -0.529255, -0.022021, 0.469224
4.524665, -0.532098, -0.019566, 0.468574
4.541267, -0.531939, -0.018278, 0.465323
4.574363, -0.533915, -0.019466, 0.460988
4.620166, -0.534773, -0.020599, 0.464023
4.659904, -0.537393, -0.022275, 0.464456
4.709211, -0.538673, -0.020151, 0.466840
4.721091, -0.540503, -0.020666, 0.465540
4.774547, -0.543049, -0.024002, 0.461205
4.805860, -0.546018, -0.021031, 0.462722
4.831673, -0.548168, -0.022521, 0.462072
4.869250, -0.552079, -0.023142, 0.460988
4.896292, -0.557665, -0.021624, 0.463806
4.926026, -0.562488, -0.022064, 0.461638
4.959060, -0.562078, -0.020272, 0.459905
4.995345, -0.563518, -0.019362, 0.460988
5.030860, -0.566433, -0.017616, 0.461638
5.067352, -0.572049, -0.015524, 0.459688
5.113630, -0.574413, -0.016510, 0.458604
5.145395, -0.577699, -0.014386, 0.462722
5.172319, -0.575976, -0.017907, 0.457521
5.207937, -0.582000, -0.017230, 0.458388
5.245134, -0.589101, -0.016338, 0.452752
5.277368, -0.590063, -0.013628, 0.454270
5.321823, -0.590704, -0.014190, 0.457737
5.339423, -0.595031, -0.015032, 0.495665
5.383965, -0.599236, -0.011036, 0.492414
5.404448, -0.602230, -0.009731, 0.487430
5.455233, -0.606333, -0.009212, 0.490464
5.485889, -0.606923, -0.009861, 0.489163
5.515874, -0.611032, -0.008615, 0.484179
5.567139, -0.616038, -0.002101, 0.473775
5.610965, -0.622127, -0.000171, 0.468791
5.655068, -0.624542, -0.001130, 0.466623
5.672969, -0.624938, -0.002805, 0.466840
5.685507, -0.627784, -0.001463, 0.465973
5.714518, -0.629333, 0.003885, 0.463589
5.755970, -0.632455, 0.004445, 0.467707
5.789459, -0.634921, 0.005856, 0.462289
5.808440, -0.635560, 0.008884, 0.462505
5.848375, -0.633359, 0.005331, 0.448851
5.876100, -0.634243, 0.006429, 0.451452
5.919400, -0.634381, 0.017337, 0.521673
5.940835, -0.635053, 0.022858, 0.532293
5.980857, -0.631765, 0.026287, 0.534894
6.009970, -0.630655, 0.032328, 0.523624
6.054165, -0.627567, 0.037934, 0.522974
6.088224, -0.627751, 0.046430, 0.515388
6.112385, -0.624787, 0.040516, 0.503684
6.153650, -0.621862, 0.047005, 0.496099
6.182715, -0.619525, 0.043509, 0.487430
6.199296, -0.617678, 0.047528, 0.485696
6.223227, -0.615794, 0.048077, 0.478977
6.241507, -0.611240, 0.031771, 0.477243
6.257216, -0.612045, 0.028974, 0.475076
6.283356, -0.613827, 0.035633, 0.476593
6.329252, -0.609446, 0.037183, 0.471825
6.341999, -0.606435, 0.028063, 0.470524
6.364188, -0.604944, 0.032268, 0.467274
6.404331, -0.605173, 0.035656, 0.470091
6.427025, -0.605494, 0.025308, 0.469441
6.456316, -0.604709, 0.024916, 0.469007
6.479808, -0.603032, 0.028264, 0.465973
6.514664, -0.603591, 0.032245, 0.472258
6.538373, -0.606400, 0.033765, 0.487646
6.556882, -0.608016, 0.035083, 0.476376
6.569687, -0.605650, 0.032480, 0.490030
6.589334, -0.602637, 0.031986, 0.440182
6.608191, -0.601421, 0.029956, 0.148461
6.621377, -0.602337, 0.014715, 0.105332
6.632701, -0.603784, 0.011571, 0.000000
6.586856, -0.601078, 0.021327, 0.000000
6.587175, -0.605079, 0.022305, 0.054616
6.588533, -0.606952, 0.022178, 0.073472
6.594140, -0.610856, 0.026396, 0.078240
6.606145, -0.607158, 0.029885, 0.083658
6.607095, -0.606341, 0.028780, 0.083008
6.604007, -0.611173, 0.029802, 0.082358
6.601308, -0.608910, 0.027059, 0.085609
6.597629, -0.609429, 0.027325, 0.084092
6.597282, -0.610851, 0.026075, 0.082575
6.609946, -0.608093, 0.030609, 0.185306
6.611648, -0.608135, 0.033165, 0.150195
6.619479, -0.605310, 0.036798, 0.161465
6.625917, -0.602612, 0.038885, 0.198526
6.629675, -0.601606, 0.040666, 0.219332
6.649484, -0.598535, 0.051061, 0.182271
6.652380, -0.597934, 0.052734, 0.177937
6.655108, -0.594481, 0.054490, 0.160165
6.653171, -0.592950, 0.050095, 0.174252
6.660270, -0.595286, 0.056148, 0.146727
6.658704, -0.593870, 0.058318, 0.128739
6.663266, -0.593301, 0.059397, 0.223667
6.673275, -0.591944, 0.066302, 0.272215
6.673305, -0.590248, 0.068435, 0.214348
6.680367, -0.588137, 0.071407, 0.285869
6.694983, -0.585082, 0.079409, 0.277633
6.703232, -0.586544, 0.084341, 0.239922
6.708315, -0.588570, 0.090085, 0.179887
6.713083, -0.586313, 0.094944, 0.205678
6.725229, -0.581874, 0.097914, 0.165800
6.727562, -0.580098, 0.101699, 0.191374
6.741876, -0.577431, 0.105484, 0.258778
6.749257, -0.576923, 0.110331, 0.241656
6.760484, -0.575053, 0.121977, 0.213481
6.777532, -0.569028, 0.134114, 0.257911
6.779284, -0.566700, 0.169626, 0.273949
6.778130, -0.562936, 0.174943, 0.234287
6.779380, -0.553929, 0.181435, 0.300390
6.797530, -0.548492, 0.194538, 0.203728
6.797868, -0.546970, 0.198719, 0.254010
6.812669, -0.543967, 0.206289, 0.243173
6.816404, -0.541015, 0.215979, 0.250975
6.823155, -0.535648, 0.220081, 0.277633
6.846175, -0.531982, 0.236574, 0.313394
6.842646, -0.525410, 0.257627, 0.257261
6.850845, -0.522008, 0.271396, 0.231253
6.870680, -0.514100, 0.286394, 0.258127
6.871138, -0.509890, 0.285848, 0.325964
6.886233, -0.504220, 0.298964, 0.315561
6.897086, -0.501342, 0.307599, 0.303641
6.920553, -0.490430, 0.323770, 0.308409
6.931488, -0.482458, 0.336226, 0.322063
6.923002, -0.478482, 0.360822, 0.330733
6.936948, -0.473759, 0.375845, 0.365193
6.952051, -0.464246, 0.385310, 0.293238
6.975260, -0.454922, 0.406242, 0.193541
7.001559, -0.443860, 0.419921, 0.286519
7.022956, -0.433241, 0.428824, 0.301257
7.048548, -0.421791, 0.445825, 0.340485
7.083606, -0.408845, 0.460568, 0.296922
7.104100, -0.398923, 0.469847, 0.356090
7.132158, -0.383817, 0.482233, 0.354140
7.164871, -0.366786, 0.492183, 0.291071
7.174507, -0.363267, 0.494934, 0.243390
7.203066, -0.344098, 0.505238, 0.334417
7.222467, -0.331906, 0.511674, 0.343736
7.254009, -0.314658, 0.524197, 0.358474
7.277239, -0.297811, 0.535205, 0.379064
7.301233, -0.285702, 0.545047, 0.427828
7.332943, -0.266739, 0.555582, 0.481578
7.359528, -0.251321, 0.569201, 0.492414
7.357819, -0.227752, 0.585602, 0.474859
7.364488, -0.213740, 0.595028, 0.498483
7.385202, -0.190199, 0.607209, 0.518422
7.401032, -0.176308, 0.615023, 0.509103
7.423609, -0.156212, 0.625773, 0.550498
7.445826, -0.141104, 0.638325, 0.554616
7.473813, -0.123689, 0.654386, 0.540312
7.507722, -0.089878, 0.676204, 0.524057
7.530166, -0.069241, 0.685977, 0.523407
7.559482, -0.045968, 0.699930, 0.518205
7.582021, -0.025630, 0.710171, 0.506719
7.606138, -0.001610, 0.719301, 0.508669
7.624068, 0.017373, 0.722176, 0.498700
7.642572, 0.036850, 0.724601, 0.466190
7.644245, 0.039688, 0.724167, 0.484612
7.682326, 0.054475, 0.723678, 0.491764
7.702763, 0.069079, 0.718944, 0.514521
7.718392, 0.081247, 0.719025, 0.503468
7.748371, 0.105614, 0.722483, 0.492414
7.756782, 0.115707, 0.718749, 0.482661
7.773805, 0.128029, 0.720139, 0.478110
7.793891, 0.150300, 0.722354, 0.465540
7.808223, 0.172056, 0.703870, 0.464023
7.841843, 0.187010, 0.723280, 0.463156
7.868401, 0.212123, 0.730280, 0.455137
7.882860, 0.226051, 0.727193, 0.454703
7.888573, 0.239928, 0.731705, 0.455353
7.898681, 0.250025, 0.733570, 0.452319
7.907286, 0.271078, 0.707833, 0.451235
7.919647, 0.265250, 0.697702, 0.446467
7.938014, 0.269752, 0.697154, 0.447984
7.946805, 0.273886, 0.695910, 0.450368
7.948222, 0.271647, 0.693795, 0.451019
7.947892, 0.280073, 0.688094, 0.449068
7.964806, 0.299267, 0.691827, 0.451235
7.984593, 0.318347, 0.691395, 0.494148
8.001263, 0.346431, 0.685214, 0.488080
8.018187, 0.365494, 0.666235, 0.368877
8.050708, 0.398735, 0.668777, 0.374079
8.073573, 0.418947, 0.670270, 0.233420
8.091533, 0.436892, 0.675980, 0.357174
8.109543, 0.458898, 0.679725, 0.263546
8.125283, 0.474902, 0.685740, 0.211313
8.133384, 0.487571, 0.688010, 0.157997
8.139287, 0.501424, 0.689625, 0.126138
8.150007, 0.512356, 0.695426, 0.279150
8.156389, 0.521988, 0.696702, 0.259645
8.166164, 0.534235, 0.700612, 0.259645
8.177357, 0.548190, 0.702883, 0.213481
8.186658, 0.557524, 0.701987, 0.062202
8.188467, 0.549073, 0.702652, 0.000000
8.194329, 0.574253, 0.708626, 0.000000
8.193217, 0.578311, 0.705522, 0.054400
8.196377, 0.576392, 0.710945, 0.079974
8.198397, 0.578558, 0.711533, 0.149978
8.199055, 0.580859, 0.710967, 0.150845
8.200962, 0.588587, 0.709807, 0.131123
8.205330, 0.592425, 0.712671, 0.152362
8.206891, 0.595767, 0.716572, 0.191374
8.233097, 0.608314, 0.734594, 0.312744
8.243366, 0.619922, 0.741985, 0.331599
8.260204, 0.641077, 0.753190, 0.413307
8.284274, 0.667951, 0.773488, 0.268097
8.302040, 0.690260, 0.785756, 0.436931
8.312270, 0.704663, 0.822146, 0.485479
8.328406, 0.732772, 0.837094, 0.485696
8.350603, 0.757610, 0.856932, 0.481795
8.359315, 0.778781, 0.869605, 0.484612
8.398178, 0.828516, 0.897055, 0.470308
8.418859, 0.857767, 0.912264, 0.463806
8.443223, 0.873422, 0.934594, 0.464023
8.479013, 0.894977, 0.958087, 0.460555
8.508624, 0.901232, 0.986896, 0.453836
8.523654, 0.902633, 0.996090, 0.454053
8.515881, 0.902815, 1.021246, 0.454053
8.511384, 0.898094, 1.022673, 0.450585
8.518735, 0.906741, 1.031850, 0.452536
8.520909, 0.910475, 1.040959, 0.449068
8.527229, 0.922121, 1.048879, 0.450368
8.536698, 0.934461, 1.062232, 0.452102
8.549203, 0.957610, 1.075776, 0.451886
8.572235, 0.996461, 1.098254, 0.452102
8.595702, 1.032956, 1.119660, 0.449285
8.603877, 1.051833, 1.130215, 0.453403
8.625438, 1.091521, 1.152523, 0.447551
8.610101, 1.099761, 1.175515, 0.447551
8.601057, 1.106640, 1.178518, 0.447768
8.600418, 1.119199, 1.185099, 0.450152
8.591968, 1.153607, 1.185336, 0.302774
8.587655, 1.184883, 1.193186, 0.334417
8.590565, 1.214679, 1.204028, 0.151929
8.591640, 1.229850, 1.205203, 0.079541
8.593505, 1.243482, 1.209623, 0.000000
8.622555, 1.321856, 1.225045, 0.000000
8.626517, 1.329402, 1.230061, 0.176853
8.634223, 1.348555, 1.232639, 0.209146
8.635289, 1.354627, 1.235398, 0.196142
8.640043, 1.358577, 1.239400, 0.224101
8.642203, 1.363860, 1.241905, 0.251842
8.643511, 1.368072, 1.245411, 0.259211
8.642743, 1.377090, 1.245903, 0.267880
8.645630, 1.384267, 1.249779, 0.263112
8.650260, 1.390837, 1.250768, 0.210663
8.653182, 1.399865, 1.255520, 0.172518
8.658647, 1.412882, 1.259903, 0.253359
8.660998, 1.423720, 1.260927, 0.309493
8.661172, 1.434856, 1.264079, 0.288253
8.659931, 1.443551, 1.264634, 0.274166
8.663239, 1.459657, 1.269765, 0.274816
8.666611, 1.475759, 1.272841, 0.293888
8.666774, 1.487114, 1.277993, 0.309710
8.675209, 1.501054, 1.287898, 0.239922
8.679346, 1.514728, 1.293052, 0.162549
8.687988, 1.530211, 1.300196, 0.285436
8.695410, 1.550280, 1.307429, 0.255743
8.702132, 1.566168, 1.313278, 0.279367
8.705385, 1.577424, 1.314596, 0.304075
8.704546, 1.592558, 1.321058, 0.312310
8.707492, 1.610409, 1.326503, 0.325748
8.712067, 1.635046, 1.334864, 0.335934
8.716323, 1.654806, 1.342065, 0.345254
8.725329, 1.687526, 1.355476, 0.357391
8.727278, 1.714487, 1.369893, 0.361508
8.732365, 1.739905, 1.380757, 0.368877
8.739607, 1.776167, 1.396710, 0.370611
8.740465, 1.799697, 1.402313, 0.376463
8.745407, 1.833162, 1.412249, 0.379497
8.744157, 1.848829, 1.413957, 0.370611
8.749852, 1.886654, 1.423178, 0.380147
8.754162, 1.901773, 1.430595, 0.380147
8.753070, 1.919699, 1.436057, 0.383615
8.753414, 1.939584, 1.442433, 0.385782
8.754646, 1.952978, 1.444180, 0.383182
8.753505, 1.967229, 1.447970, 0.385782
8.753074, 1.987779, 1.450165, 0.385782
8.754581, 2.000581, 1.454961, 0.385999
8.754871, 2.022377, 1.463339, 0.383832
8.753867, 2.044856, 1.464644, 0.379931
8.750330, 2.052914, 1.466732, 0.382315
8.753152, 2.082688, 1.473115, 0.382748
8.756084, 2.104388, 1.482540, 0.385566
8.757088, 2.129082, 1.494466, 0.358908
8.753386, 2.153427, 1.496034, 0.348721
8.758689, 2.164623, 1.499033, 0.247508
8.764094, 2.184909, 1.475082, 0.103598
8.769601, 2.195787, 1.477670, 0.000000
8.786026, 2.249427, 1.497692, 0.000000
8.785878, 2.247879, 1.496220, 0.052449
8.783667, 2.249317, 1.495420, 0.000000
8.782557, 2.257608, 1.498828, 0.192458
8.785943, 2.259752, 1.502888, 0.240139
8.786495, 2.284559, 1.503444, 0.478760
8.790967, 2.297425, 1.505833, 0.509319
8.792075, 2.329244, 1.513749, 0.622670
8.788938, 2.347396, 1.507610, 0.649545
8.796642, 2.389696, 1.486804, 0.641092
8.799716, 2.434091, 1.491463, 0.659948
8.801213, 2.466151, 1.493120, 0.635024
8.801456, 2.494079, 1.502165, 0.636107
8.806395, 2.535802, 1.479067, 0.618986
8.808712, 2.571689, 1.487540, 0.584092
8.808222, 2.596091, 1.492144, 0.635241
8.810964, 2.617085, 1.496395, 0.534677
8.813583, 2.633168, 1.497543, 0.290420
8.819223, 2.652797, 1.477637, 0.153446
8.822450, 2.663374, 1.478791, 0.115951
8.824890, 2.671146, 1.480583, 0.000000
8.834952, 2.714912, 1.500140, 0.000000
8.840779, 2.720906, 1.505399, 0.114434
8.838428, 2.733542, 1.506913, 0.234937
8.837048, 2.745399, 1.511374, 0.188990
8.836292, 2.746914, 1.510181, 0.147811
8.835904, 2.742455, 1.508144, 0.121153
8.833918, 2.745968, 1.509175, 0.105548
8.834817, 2.744604, 1.507468, 0.089510
8.835189, 2.746493, 1.508882, 0.090377
8.832511, 2.743778, 1.507248, 0.000000
8.827455, 2.700249, 1.489174, 0.000000
8.828642, 2.705540, 1.490722, 0.066970
8.828918, 2.711821, 1.496382, 0.075206
8.830315, 2.714028, 1.497255, 0.081274
8.829951, 2.715922, 1.496592, 0.086042
8.830645, 2.720296, 1.499984, 0.085609
8.833161, 2.722010, 1.498610, 0.086476
8.834234, 2.728779, 1.504486, 0.090160
8.832906, 2.728815, 1.500146, 0.087993
8.831391, 2.728122, 1.500239, 0.089510
8.832821, 2.731665, 1.502602, 0.088210
8.830359, 2.733881, 1.502060, 0.089727
8.830462, 2.735525, 1.503010, 0.089077
8.831588, 2.731105, 1.501697, 0.088643
8.828901, 2.730909, 1.499806, 0.091027
8.831392, 2.731516, 1.501717, 0.090160
8.831865, 2.732042, 1.502906, 0.089077
8.830408, 2.731781, 1.501097, 0.107499
8.828526, 2.729608, 1.497848, 0.131123
8.828214, 2.731443, 1.500383, 0.171435
8.827578, 2.732360, 1.500540, 0.144777
8.828165, 2.733504, 1.500551, 0.147594
8.827302, 2.738848, 1.503061, 0.175769
8.833158, 2.742460, 1.507077, 0.184655
8.834393, 2.750659, 1.509402, 0.222150
8.833995, 2.755387, 1.510069, 0.144343
8.836577, 2.748575, 1.507112, 0.182705
8.834650, 2.753021, 1.505511, 0.193541
8.835686, 2.760184, 1.512626, 0.178370
8.835528, 2.762485, 1.512037, 0.112050
8.835212, 2.761298, 1.511036, 0.121803
8.833632, 2.756886, 1.507139, 0.105982
8.834677, 2.749901, 1.507295, 0.114868
8.833687, 2.751467, 1.506431, 0.192241
8.833094, 2.758063, 1.508805, 0.232120
8.835217, 2.761996, 1.510603, 0.226268
8.837685, 2.762949, 1.510898, 0.216948
8.834371, 2.766152, 1.508702, 0.235154
8.828887, 2.773669, 1.508323, 0.251625
8.832722, 2.788745, 1.483468, 0.265713
8.836419, 2.817103, 1.491673, 0.280017
8.837707, 2.833255, 1.495395, 0.303641
8.837318, 2.846101, 1.501836, 0.288253
8.839053, 2.861250, 1.506136, 0.324447
8.840542, 2.878262, 1.510849, 0.340052
8.841931, 2.898655, 1.516004, 0.347204
8.838604, 2.901927, 1.513898, 0.334634
8.843991, 2.926959, 1.493910, 0.333117
8.849844, 2.952804, 1.501710, 0.349155
8.850236, 2.967685, 1.502873, 0.335934
8.850579, 2.978747, 1.508228, 0.310143
8.848153, 2.993233, 1.509354, 0.185739
8.850407, 3.006953, 1.515989, 0.276983
8.854595, 3.016346, 1.520734, 0.261812
8.854646, 3.037526, 1.527556, 0.285652
8.854895, 3.059987, 1.505554, 0.193108
8.858840, 3.076797, 1.514444, 0.278500
8.861097, 3.093844, 1.522866, 0.231469
8.864322, 3.116809, 1.530577, 0.292805
8.863980, 3.131075, 1.537312, 0.216081
8.863221, 3.141225, 1.541346, 0.276550
8.858686, 3.153443, 1.547820, 0.339835
8.857188, 3.175870, 1.558856, 0.320329
8.853427, 3.184656, 1.558717, 0.294538
8.850761, 3.199720, 1.568095, 0.271998
8.851626, 3.209068, 1.573078, 0.124837
8.847867, 3.219716, 1.576594, 0.287820
8.846022, 3.237824, 1.584474, 0.227352
8.846826, 3.248943, 1.592211, 0.257694
8.844159, 3.276349, 1.569985, 0.295189
8.843627, 3.294398, 1.582872, 0.322713
8.839658, 3.309580, 1.587612, 0.333550
8.837733, 3.331725, 1.601771, 0.215431
8.839369, 3.337491, 1.605081, 0.155397
8.837253, 3.359751, 1.617639, 0.253359
8.833920, 3.370887, 1.623546, 0.223884
8.827478, 3.390257, 1.634073, 0.318596
8.826613, 3.401612, 1.644165, 0.327265
8.823226, 3.418188, 1.652160, 0.257261
8.817589, 3.431164, 1.659174, 0.305592
8.815791, 3.445275, 1.667131, 0.347854
8.814317, 3.460113, 1.677770, 0.243606
8.814153, 3.465708, 1.683339, 0.136758
8.806584, 3.477037, 1.687917, 0.264196
8.803550, 3.491425, 1.695753, 0.276333
8.797596, 3.501294, 1.702885, 0.265063
8.789958, 3.524526, 1.680559, 0.294755
8.780107, 3.552846, 1.694800, 0.305158
8.777338, 3.575822, 1.711984, 0.372995
8.772147, 3.590901, 1.717452, 0.351972
8.768731, 3.611666, 1.731844, 0.315561
8.760862, 3.626355, 1.741283, 0.198743
8.758747, 3.633811, 1.745290, 0.097096
8.754763, 3.633569, 1.745607, 0.000000
8.753297, 3.638378, 1.748004, 0.000000
8.750268, 3.643181, 1.749721, 0.121153
8.745117, 3.648431, 1.753935, 0.194625
8.744359, 3.650835, 1.753531, 0.225401
8.742284, 3.670525, 1.769683, 0.259428
8.735009, 3.688190, 1.777978, 0.285002
8.723837, 3.721521, 1.762441, 0.312527
8.715344, 3.737405, 1.772290, 0.230603
8.707615, 3.752677, 1.784263, 0.163632
8.702377, 3.765012, 1.790724, 0.260945
8.701498, 3.775501, 1.797907, 0.222150
8.703200, 3.782612, 1.801006, 0.159081
8.701449, 3.784897, 1.804583, 0.170134
8.698413, 3.783595, 1.800990, 0.114651
8.694909, 3.786114, 1.802638, 0.125921
8.696121, 3.791409, 1.807056, 0.142609
8.697780, 3.796681, 1.810547, 0.212397
8.696077, 3.796282, 1.808929, 0.198743
8.691166, 3.804997, 1.814154, 0.234720
8.687783, 3.818504, 1.827546, 0.243173
8.680787, 3.835109, 1.838994, 0.283052
8.660686, 3.855981, 1.814842, 0.214348
8.648461, 3.880730, 1.829931, 0.376463
8.640417, 3.900441, 1.842654, 0.338968
8.630515, 3.914383, 1.853595, 0.360642
8.620531, 3.933144, 1.864679, 0.382965
8.611536, 3.955098, 1.886054, 0.398786
8.603853, 3.968095, 1.897906, 0.453186
8.596146, 3.980004, 1.908778, 0.449068
8.571421, 4.012879, 1.905073, 0.454703
8.553857, 4.042172, 1.927129, 0.450585
8.537270, 4.069428, 1.954061, 0.526225
8.512107, 4.096572, 1.987498, 0.487430
8.488042, 4.112009, 2.009012, 0.476376
8.470836, 4.132117, 2.029374, 0.461855
8.457808, 4.149288, 2.049720, 0.521673
8.437949, 4.172221, 2.106258, 0.495449
8.411244, 4.195832, 2.129736, 0.464673
8.393188, 4.210497, 2.145299, 0.531860
8.375571, 4.222547, 2.156959, 0.558518
8.337427, 4.258213, 2.220112, 0.501734
8.315095, 4.279535, 2.237001, 0.564803
8.289283, 4.293600, 2.262596, 0.499783
8.260468, 4.311335, 2.284667, 0.526875
8.243187, 4.324562, 2.331529, 0.503901
8.222997, 4.347717, 2.359683, 0.472909
8.197112, 4.368056, 2.381188, 0.447984
8.179432, 4.387512, 2.404929, 0.424361
8.156321, 4.402932, 2.440418, 0.405072
8.129708, 4.415960, 2.458682, 0.375163
8.112864, 4.424886, 2.471874, 0.357391
8.103998, 4.433929, 2.478732, 0.347421
8.088833, 4.442690, 2.500580, 0.351756
8.078768, 4.450432, 2.513559, 0.283702
8.066405, 4.452210, 2.518163, 0.140876
8.070730, 4.450031, 2.517687, 0.072172
8.068287, 4.445823, 2.513675, 0.153229
8.065383, 4.443685, 2.512198, 0.141959
8.061044, 4.443673, 2.513448, 0.161682
8.062716, 4.440533, 2.512455, 0.141309
8.057010, 4.443322, 2.516141, 0.154313
8.057567, 4.440250, 2.516137, 0.205245
8.062071, 4.447206, 2.520796, 0.197443
8.064856, 4.450950, 2.541174, 0.228435
8.061322, 4.457498, 2.548060, 0.181838
8.047685, 4.461191, 2.553089, 0.226268
8.033754, 4.472500, 2.559168, 0.197443
8.032083, 4.476217, 2.562761, 0.253576
8.028256, 4.481222, 2.564552, 0.261162
8.022826, 4.487540, 2.568887, 0.247724
8.018706, 4.491143, 2.572343, 0.203945
8.021207, 4.488850, 2.570962, 0.217815
8.011168, 4.492081, 2.575202, 0.169484
8.009080, 4.494251, 2.577404, 0.195275
8.008843, 4.493918, 2.577667, 0.243390
8.000063, 4.493833, 2.579593, 0.179671
7.996669, 4.492423, 2.587553, 0.219983
7.998638, 4.492505, 2.585297, 0.246857
7.998407, 4.490469, 2.585167, 0.221933
7.997157, 4.493039, 2.589518, 0.221283
7.992006, 4.488866, 2.593528, 0.231036
7.972589, 4.493272, 2.609183, 0.283052
7.928283, 4.501082, 2.654788, 0.319246
7.903600, 4.504415, 2.668123, 0.327915
7.876762, 4.515400, 2.693093, 0.402037
7.865092, 4.512301, 2.702976, 0.406589
7.848712, 4.514079, 2.720545, 0.425444
7.804869, 4.525877, 2.769185, 0.439315
7.768507, 4.532696, 2.789001, 0.449935
7.742382, 4.533694, 2.806755, 0.460121
7.723783, 4.535159, 2.820340, 0.464673
7.686336, 4.537479, 2.862088, 0.467924
7.660371, 4.537913, 2.876896, 0.480711
7.633303, 4.537693, 2.899161, 0.488296
7.619567, 4.533034, 2.911490, 0.488080
7.561304, 4.533017, 2.971614, 0.494798
7.529713, 4.525652, 2.988688, 0.499783
7.499620, 4.522781, 3.010606, 0.502167
7.476442, 4.514813, 3.054016, 0.503901
7.451266, 4.508894, 3.066650, 0.499133
7.411657, 4.506190, 3.094862, 0.494148
7.413492, 4.500289, 3.117274, 0.490030
7.386749, 4.494863, -3.130678, 0.485696
7.373360, 4.494692, -3.109528, 0.482445
7.359360, 4.491268, -3.094587, 0.475726
7.339716, 4.484810, -3.079478, 0.478977
7.305666, 4.476891, -3.034811, 0.477243
7.276561, 4.470723, -3.018577, 0.478110
7.250626, 4.464849, -2.997914, 0.472042
7.212624, 4.455391, -2.947847, 0.468357
7.177237, 4.447589, -2.924940, 0.469441
7.152603, 4.435689, -2.907676, 0.469874
7.120991, 4.424014, -2.858536, 0.469658
7.099154, 4.418728, -2.838361, 0.467057
7.073620, 4.410912, -2.821642, 0.466190
7.050196, 4.408320, -2.802591, 0.467274
7.023046, 4.389992, -2.763821, 0.466407
6.993298, 4.377543, -2.747118, 0.467707
6.981542, 4.367941, -2.737326, 0.462505
6.950942, 4.342250, -2.683084, 0.459038
6.943183, 4.329386, -2.675305, 0.460121
6.923300, 4.319571, -2.664213, 0.460338
6.907359, 4.315725, -2.644086, 0.459905
6.879264, 4.290885, -2.603852, 0.460121
6.857747, 4.273218, -2.586383, 0.456654
6.825696, 4.259293, -2.565153, 0.457521
6.802741, 4.236974, -2.515952, 0.456437
6.768958, 4.212707, -2.495432, 0.450802
6.740121, 4.184508, -2.443827, 0.451019
6.722579, 4.167253, -2.428201, 0.450368
6.692167, 4.125762, -2.374964, 0.454486
6.689940, 4.110927, -2.366120, 0.451669
6.682938, 4.078141, -2.381764, 0.450368
6.662352, 4.052322, -2.364627, 0.444083
6.651845, 4.016689, -2.324018, 0.445600
6.635956, 3.986065, -2.303925, 0.448635
6.628346, 3.968093, -2.283444, 0.453619
6.625372, 3.941566, -2.253755, 0.458604
6.619241, 3.923604, -2.245010, 0.456003
6.597067, 3.905161, -2.226317, 0.449285
6.590084, 3.896935, -2.221710, 0.445167
6.579565, 3.873882, -2.191188, 0.448851
6.566410, 3.857773, -2.183416, 0.452969
6.548795, 3.841145, -2.181444, 0.453836
6.537620, 3.803614, -2.198093, 0.452536
6.530528, 3.789439, -2.191936, 0.455787
6.512332, 3.771399, -2.186353, 0.458821
6.499979, 3.762054, -2.182744, 0.459038
6.483689, 3.725733, -2.197231, 0.465973
6.464695, 3.702299, -2.196061, 0.464023
6.440821, 3.679426, -2.190362, 0.467057
6.418503, 3.666450, -2.184760, 0.468140
6.419878, 3.646553, -2.204533, 0.469224
6.410374, 3.627342, -2.199829, 0.467707
6.395390, 3.601862, -2.195004, 0.465106
6.379493, 3.585904, -2.191301, 0.461205
6.372560, 3.557012, -2.167183, 0.466840
6.359166, 3.535445, -2.167849, 0.466407
6.358457, 3.490351, -2.192133, 0.469874
6.351429, 3.457468, -2.197983, 0.462289
6.341165, 3.424473, -2.201615, 0.467274
6.316137, 3.386180, -2.208918, 0.468791
6.298954, 3.362504, -2.212927, 0.471391
6.284905, 3.339190, -2.210835, 0.465540
6.260936, 3.301581, -2.214796, 0.456003
6.249733, 3.286449, -2.211943, 0.473775
6.222973, 3.261523, -2.213852, 0.497833
6.215441, 3.233092, -2.193744, 0.458388
6.189158, 3.190718, -2.197645, 0.462505
6.181668, 3.174273, -2.200222, 0.452102
6.165778, 3.152881, -2.199265, 0.424144
6.138808, 3.120941, -2.205495, 0.415475
6.130822, 3.115050, -2.201756, 0.415041
6.119257, 3.104027, -2.204130, 0.409840
6.099910, 3.081523, -2.208069, 0.402254
6.084320, 3.066180, -2.206012, 0.375596
6.087283, 3.040675, -2.189183, 0.351539
6.081995, 3.027841, -2.190436, 0.349155
6.067552, 3.007049, -2.193519, 0.334417
6.055733, 2.991267, -2.198800, 0.332683
6.037950, 2.978115, -2.193718, 0.379497
6.026930, 2.964674, -2.197548, 0.363026
6.001641, 2.940816, -2.198211, 0.342219
5.992895, 2.935469, -2.195456, 0.361725
5.983198, 2.929327, -2.196552, 0.410490
5.973646, 2.896086, -2.184883, 0.420243
5.967498, 2.879394, -2.188345, 0.423060
5.939146, 2.844769, -2.194424, 0.435197
5.927125, 2.835285, -2.190031, 0.417208
5.911047, 2.817776, -2.192485, 0.432813
5.887801, 2.797118, -2.196664, 0.440616
5.880560, 2.774341, -2.184004, 0.440182
5.872378, 2.762281, -2.183768, 0.445167
5.843830, 2.736359, -2.190002, 0.460121
5.830737, 2.730760, -2.182772, 0.443866
5.831432, 2.707364, -2.175502, 0.452969
5.812841, 2.685656, -2.177079, 0.513221
5.792662, 2.661179, -2.177765, 0.512787
5.775778, 2.640809, -2.175705, 0.504118
5.742932, 2.598524, -2.178161, 0.492848
5.730806, 2.577844, -2.175874, 0.489163
5.720627, 2.568054, -2.173918, 0.469658
5.702392, 2.539824, -2.171924, 0.306892
5.695825, 2.532719, -2.171551, 0.198960
5.687219, 2.528214, -2.169027, 0.121370
5.682056, 2.526163, -2.170068, 0.083442
5.675002, 2.522233, -2.170906, 0.000000
5.661815, 2.517545, -2.174231, 0.000000
5.663493, 2.514163, -2.174557, 0.136324
5.659295, 2.510308, -2.175322, 0.216515
5.649144, 2.497408, -2.177099, 0.248375
5.647872, 2.495186, -2.176380, 0.201127
5.633685, 2.471039, -2.177182, 0.228652
5.632279, 2.462102, -2.177517, 0.204161
5.625031, 2.450457, -2.177802, 0.217599
5.626506, 2.446373, -2.173727, 0.213914
5.622910, 2.435408, -2.168275, 0.188557
5.614461, 2.425411, -2.167690, 0.133940
5.610768, 2.420927, -2.165539, 0.209146
5.610098, 2.409946, -2.167302, 0.170568
5.598238, 2.395584, -2.177823, 0.181404
5.596823, 2.392106, -2.179194, 0.132640
5.596390, 2.393156, -2.181996, 0.073255
5.594483, 2.398741, -2.185200, 0.000000
5.590094, 2.400352, -2.186610, 0.000000
5.591892, 2.398876, -2.183780, 0.000000
5.594100, 2.401341, -2.185343, 0.000000
5.592963, 2.399800, -2.186646, 0.000000
5.594960, 2.398547, -2.187465, 0.000000
5.591859, 2.396801, -2.187824, 0.000000
5.591764, 2.391866, -2.188737, 0.115301
5.587883, 2.391931, -2.186999, 0.105765
5.588123, 2.387766, -2.188441, 0.195275
5.587679, 2.384040, -2.191350, 0.212397
5.579112, 2.378330, -2.196464, 0.182488
5.577190, 2.378899, -2.198130, 0.160598
5.567802, 2.374065, -2.201477, 0.272432
5.566243, 2.367337, -2.204944, 0.241656
5.563108, 2.357257, -2.216738, 0.239705
5.558942, 2.331436, -2.226451, 0.226268
5.553056, 2.310894, -2.240648, 0.155397
5.539370, 2.293493, -2.257919, 0.186606
5.534564, 2.285428, -2.262298, 0.212397
5.524263, 2.277493, -2.266408, 0.174902
5.522465, 2.270990, -2.264874, 0.180104
5.528689, 2.270855, -2.264346, 0.202644
5.532502, 2.272512, -2.264453, 0.236888
5.524229, 2.266371, -2.269766, 0.163199
5.519456, 2.262401, -2.274719, 0.212397
5.514273, 2.262645, -2.275182, 0.178804
5.511417, 2.263777, -2.279154, 0.214131
5.506443, 2.266410, -2.282185, 0.182488
5.500335, 2.262741, -2.281820, 0.133073
5.500862, 2.263770, -2.281745, 0.149545
5.502029, 2.268083, -2.281619, 0.185522
5.503784, 2.265923, -2.282322, 0.213697
5.496090, 2.266925, -2.289652, 0.185089
5.483467, 2.262603, -2.295729, 0.178370
5.479807, 2.261349, -2.297738, 0.263762
5.474351, 2.257184, -2.302113, 0.241873
5.464633, 2.251814, -2.307395, 0.251842
5.450938, 2.250730, -2.318145, 0.263329
5.430926, 2.243070, -2.333212, 0.280668
5.420619, 2.229661, -2.351660, 0.324881
5.424595, 2.215233, -2.360064, 0.340485
5.391448, 2.189824, -2.388659, 0.363676
5.368318, 2.176735, -2.402987, 0.379064
5.332874, 2.167370, -2.430103, 0.392068
5.308722, 2.161249, -2.447568, 0.403121
5.296614, 2.136377, -2.478694, 0.413958
5.276103, 2.126724, -2.494641, 0.417859
5.240652, 2.116916, -2.523173, 0.424577
5.214966, 2.108322, -2.544457, 0.428695
5.203603, 2.091813, -2.576519, 0.433680
5.185129, 2.082992, -2.596749, 0.434547
5.169103, 2.085554, -2.610584, 0.441266
5.139825, 2.069654, -2.626715, 0.447117
5.123861, 2.069843, -2.648695, 0.444083
5.106711, 2.068239, -2.657448, 0.446901
5.082006, 2.068523, -2.677958, 0.452319
5.059172, 2.060110, -2.701100, 0.450152
5.046774, 2.055253, -2.737520, 0.448635
5.020352, 2.048228, -2.769699, 0.448851
4.982498, 2.051174, -2.777059, 0.447334
4.961957, 2.049489, -2.793602, 0.447768
4.946607, 2.045410, -2.808414, 0.448635
4.884778, 2.041291, -2.848294, 0.450152
4.867099, 2.045990, -2.859724, 0.449502
4.821700, 2.045580, -2.875381, 0.449285
4.786032, 2.043444, -2.897184, 0.455570
4.743846, 2.046755, -2.905035, 0.452319
4.715679, 2.041572, -2.921187, 0.445167
4.703373, 2.040081, -2.927371, 0.448851
4.652874, 2.043113, -2.920981, 0.441699
4.615376, 2.043333, -2.921813, 0.428479
4.588844, 2.042866, -2.921605, 0.425444
4.570776, 2.046208, -2.921359, 0.417642
4.540755, 2.043205, -2.923293, 0.418075
4.506188, 2.037855, -2.921355, 0.417859
4.470762, 2.032481, -2.924453, 0.418509
4.434929, 2.028116, -2.929379, 0.415475
4.404720, 2.026875, -2.938053, 0.417859
4.361157, 2.021883, -2.944016, 0.414391
4.339603, 2.021759, -2.958478, 0.412224
4.313626, 2.018395, -2.964134, 0.408539
4.308497, 2.016472, -2.975809, 0.413307
4.303071, 2.013720, -2.982129, 0.411790
4.304475, 2.016141, -2.991235, 0.404855
4.254838, 2.004960, -3.014651, 0.406372
4.225897, 2.003266, -3.019878, 0.405938
4.195587, 1.999395, -3.029418, 0.408973
4.173748, 1.993699, -3.032919, 0.404855
4.155985, 1.992107, -3.036467, 0.406805
4.131075, 1.991691, -3.042375, 0.405505
4.110809, 1.994239, -3.043440, 0.406155
4.105423, 1.994980, -3.048296, 0.405938
4.095285, 1.996497, -3.055595, 0.400954
4.047636, 1.998936, -3.062537, 0.401170
4.033832, 2.001772, -3.069820, 0.405288
4.014406, 2.006422, -3.072365, 0.405722
3.988727, 2.000223, -3.094951, 0.402471
3.975538, 1.996934, -3.104415, 0.403338
3.962291, 1.995599, -3.106553, 0.400954
3.944403, 1.992513, -3.104921, 0.400954
3.933158, 1.992218, -3.108463, 0.402687
3.903577, 1.994592, -3.111346, 0.400303
3.896917, 1.998347, -3.114044, 0.404421
3.894135, 1.998269, -3.117423, 0.402471
3.870382, 2.003161, -3.123355, 0.402687
3.852757, 2.005222, -3.127737, 0.400303
3.844291, 2.006389, -3.126253, 0.398786
3.807471, 2.007304, -3.126515, 0.401170
3.786708, 2.008456, -3.130915, 0.401387
3.752763, 2.011536, -3.129268, 0.403121
3.738597, 2.009255, -3.128422, 0.395752
3.706218, 2.014882, -3.127193, 0.414608
3.663634, 2.016271, -3.129952, 0.403988
3.633314, 2.018253, -3.130852, 0.285219
3.606163, 2.022490, -3.130795, 0.417425
3.585645, 2.024574, -3.130993, 0.412224
3.526373, 2.018259, 3.133410, 0.390117
3.490864, 2.014501, 3.133278, 0.448201
3.435804, 2.012385, 3.133399, 0.402254
3.413348, 2.003926, 3.129411, 0.421977
3.387854, 1.999121, 3.127736, 0.444300
3.365703, 1.997658, 3.126573, 0.463372
3.301290, 2.000191, 3.127457, 0.459905
3.248143, 2.004944, 3.127467, 0.482878
3.190255, 2.017817, 3.127300, 0.517555
3.173299, 2.024091, 3.127720, 0.497182
3.158916, 2.023810, 3.126679, 0.532293
3.121849, 2.026430, 3.126506, 0.543346
3.095122, 2.029492, 3.126273, 0.544430
3.044540, 2.036098, 3.126689, 0.530342
3.023025, 2.041322, 3.130393, 0.568270
2.993563, 2.044325, 3.128411, 0.580624
2.947537, 2.050269, 3.124731, 0.561335
2.923121, 2.057641, 3.124104, 0.543346
2.902960, 2.063303, 3.123191, 0.525574
2.868350, 2.068481, 3.121028, 0.517989
2.826860, 2.069954, 3.109508, 0.527525
2.762196, 2.074791, 3.103508, 0.492414
2.714327, 2.081197, 3.103007, 0.491547
2.658698, 2.077848, 3.086082, 0.506719
2.646154, 2.072024, 3.085526, 0.501951
2.619805, 2.071210, 3.080407, 0.483745
2.585869, 2.074710, 3.078357, 0.466407
2.552721, 2.083772, 3.075539, 0.451019
2.534900, 2.089546, 3.078237, 0.442133
2.517197, 2.092443, 3.076706, 0.435197
2.507469, 2.095621, 3.074243, 0.460555
2.491875, 2.101970, 3.074484, 0.489163
2.470807, 2.106507, 3.076460, 0.464456
2.439221, 2.112040, 3.076410, 0.543563
2.389232, 2.110175, 3.048520, 0.550282
2.347089, 2.108861, 3.044265, 0.551149
2.287398, 2.113011, 3.042149, 0.615735
2.261109, 2.115950, 3.042925, 0.621370
2.215714, 2.126777, 3.044675, 0.629389
2.153420, 2.134734, 3.045818, 0.619419
2.120716, 2.144075, 3.048437, 0.620720
2.087482, 2.151279, 3.049514, 0.618769
2.049505, 2.157258, 3.050153, 0.590377
2.026561, 2.162861, 3.051992, 0.633507
2.016360, 2.166947, 3.052939, 0.571955
1.981111, 2.171293, 3.053521, 0.657347
1.969276, 2.175680, 3.052113, 0.661465
1.941826, 2.182415, 3.055171, 0.623320
1.908455, 2.189236, 3.055096, 0.649328
1.844818, 2.190567, 3.039850, 0.617252
1.806584, 2.194645, 3.039255, 0.604465
1.737079, 2.196274, 3.039446, 0.614218
1.680723, 2.202548, 3.038535, 0.666883
1.631173, 2.205665, 3.039110, 0.664066
1.602531, 2.208247, 3.040201, 0.660165
1.575039, 2.214003, 3.041897, 0.646077
1.523613, 2.221792, 3.044534, 0.644343
1.498986, 2.226065, 3.047241, 0.655180
1.465666, 2.236876, 3.050101, 0.644560
1.452735, 2.240141, 3.048468, 0.652796
1.423567, 2.245617, 3.051982, 0.633073
1.386385, 2.251423, 3.051395, 0.680754
1.362336, 2.257941, 3.053157, 0.709146
1.299026, 2.261371, 3.037627, 0.655613
1.225780, 2.266687, 3.036701, 0.725184
1.137145, 2.280081, 3.040845, 0.697443
1.084025, 2.292461, 3.044082, 0.700910
1.064702, 2.297771, 3.045331, 0.785869
1.003994, 2.308539, 3.052231, 0.768747
0.971883, 2.313955, 3.053203, 0.755093
0.940165, 2.323037, 3.057106, 0.760511
0.933904, 2.327272, 3.058130, 0.747941
0.901504, 2.334622, 3.058811, 0.729519
0.800545, 2.343368, 3.045637, 0.570004
0.753250, 2.345804, 3.043032, 0.409189
0.711871, 2.352318, 3.046942, 0.252926
0.691859, 2.357226, 3.048738, 0.153663
0.676069, 2.362950, 3.049960, 0.071955
0.672842, 2.364919, 3.051897, 0.000000
0.651763, 2.369348, 3.056268, 0.000000
0.658023, 2.368867, 3.055396, 0.086259
0.658285, 2.372876, 3.057007, 0.000000
0.658292, 2.373070, 3.056690, 0.000000
0.655767, 2.374589, 3.056441, 0.000000
0.647232, 2.378168, 3.059381, 0.109450
0.640633, 2.374400, 3.058376, 0.149545
0.636084, 2.375169, 3.059484, 0.135891
0.629105, 2.371097, 3.057876, 0.114868
0.628094, 2.372813, 3.058979, 0.115085
0.614372, 2.377559, 3.061336, 0.153663
0.612489, 2.375755, 3.062896, 0.202211
0.608106, 2.376313, 3.062765, 0.298223
0.595614, 2.374170, 3.061946, 0.273299
0.583996, 2.378388, 3.062893, 0.301907
0.573207, 2.381253, 3.064916, 0.333767
0.548865, 2.384544, 3.068136, 0.362592
0.546564, 2.384107, 3.067089, 0.382748
0.524212, 2.384744, 3.070691, 0.393801
0.497341, 2.387180, 3.073139, 0.440616
0.478527, 2.391042, 3.076565, 0.418509
0.458718, 2.392002, 3.077040, 0.253793
0.453420, 2.393629, 3.079948, 0.138058
0.445522, 2.396057, 3.080913, 0.230819
0.410316, 2.396855, 3.059755, 0.263762
0.369266, 2.396969, 3.063348, 0.216948
0.333955, 2.398577, 3.066490, 0.221717
0.302048, 2.397733, 3.069260, 0.265496
0.285257, 2.403468, 3.074453, 0.303208
0.264536, 2.402594, 3.077694, 0.176853
0.250960, 2.400421, 3.075796, 0.229519
0.237334, 2.401022, 3.081925, 0.239272
0.230505, 2.402378, 3.080797, 0.182055
0.221301, 2.402147, 3.084780, 0.125704
0.219968, 2.405880, 3.083107, 0.092978
0.219034, 2.406899, 3.087609, 0.058734
0.219835, 2.412306, 3.090202, 0.115518
0.224464, 2.410208, 3.086264, 0.151279
0.210599, 2.411319, 3.093820, 0.177287
0.209121, 2.411083, 3.092354, 0.148895
0.190936, 2.412897, 3.097062, 0.175986
0.179308, 2.415322, 3.101115, 0.223234
0.176210, 2.418648, 3.105120, 0.166233
0.163955, 2.419243, 3.107490, 0.202861
0.155748, 2.416193, 3.108694, 0.214131
0.150023, 2.414961, 3.108260, 0.232553
0.140744, 2.417403, 3.112271, 0.169267
0.139225, 2.418034, 3.112423, 0.139358
0.135088, 2.419758, 3.114344, 0.211747
0.129372, 2.422106, 3.116637, 0.169918
0.108925, 2.423992, 3.122556, 0.197659
0.109671, 2.425161, 3.123227, 0.169267
0.107267, 2.426477, 3.124199, 0.211964
0.096782, 2.427661, 3.126754, 0.206979
0.102050, 2.430236, 3.127329, 0.192458
0.095247, 2.431217, 3.128912, 0.167750
0.088574, 2.433494, 3.127812, 0.240355
0.085513, 2.430936, 3.129080, 0.223017
0.080071, 2.431319, 3.131966, 0.209796
0.074573, 2.430790, 3.132535, 0.344603
0.070626, 2.432860, 3.133159, 0.309926
0.053120, 2.432734, 3.136027, 0.307326
0.043689, 2.434650, 3.137197, 0.317729
0.031986, 2.436430, 3.140006, 0.329649
0.028490, 2.438133, 3.141366, 0.332683
0.017638, 2.434355, 3.139542, 0.345254
0.011691, 2.431372, 3.138066, 0.353273
-0.000615, 2.432343, -3.141228, 0.356090
-0.008493, 2.433346, 3.141208, 0.359341
-0.017272, 2.434474, -3.140520, 0.363893
-0.039708, 2.434036, -3.136385, 0.369094
-0.098126, 2.431957, 3.124596, 0.375596
-0.127793, 2.434084, 3.129555, 0.380147
-0.164322, 2.432677, 3.132405, 0.381448
-0.189491, 2.430276, 3.133504, 0.381881
-0.218693, 2.430813, 3.138565, 0.386866
-0.244181, 2.432512, -3.139701, 0.388166
-0.255732, 2.432083, -3.137474, 0.389033
-0.261426, 2.435025, -3.132684, 0.392718
-0.277026, 2.435526, -3.134153, 0.392068
-0.333380, 2.435855, 3.130924, 0.393151
-0.377942, 2.436077, 3.136777, 0.392068
-0.412350, 2.437128, -3.138684, 0.362592
-0.429735, 2.438796, -3.135747, 0.379064
-0.462389, 2.442072, -3.127362, 0.418942
-0.483091, 2.446889, -3.122482, 0.417425
-0.487752, 2.445801, -3.120715, 0.413307
-0.514431, 2.447636, -3.117893, 0.393368
-0.561981, 2.448811, -3.138301, 0.423277
-0.602050, 2.447433, -3.134166, 0.469007
-0.620368, 2.446944, -3.131585, 0.473342
-0.639862, 2.446268, -3.127284, 0.439965
-0.660815, 2.447768, -3.122369, 0.434980
-0.675644, 2.449034, -3.118253, 0.434764
-0.675956, 2.452203, -3.119213, 0.443866
-0.716913, 2.449215, 3.139417, 0.424144
-0.753045, 2.452130, -3.135688, 0.419593
-0.779393, 2.455162, -3.127949, 0.409189
-0.793530, 2.456320, -3.124741, 0.397052
-0.817136, 2.456035, -3.118820, 0.355007
-0.830274, 2.457439, -3.114371, 0.375163
-0.833359, 2.458310, -3.117708, 0.361075
-0.849240, 2.460275, -3.113520, 0.359991
-0.881095, 2.461348, -3.138746, 0.233637
-0.906226, 2.462228, -3.132704, 0.141309
-0.919747, 2.461619, -3.127677, 0.148244
-0.931862, 2.463089, -3.123352, 0.160815
-0.934180, 2.463582, -3.121626, 0.206112
-0.937538, 2.464958, -3.119788, 0.194192
-0.939457, 2.465465, -3.120103, 0.194408
-0.945528, 2.467061, -3.118931, 0.194408
-0.947072, 2.467283, -3.117835, 0.228218
-0.951928, 2.469791, -3.115894, 0.270481
-0.956901, 2.473683, -3.114662, 0.249892
-0.957461, 2.472793, -3.114266, 0.187690
-0.961927, 2.472525, -3.111956, 0.242306
-0.972630, 2.470584, -3.108108, 0.297789
-0.976022, 2.468557, -3.106549, 0.301907
-0.975010, 2.470037, -3.108845, 0.266363
-0.981969, 2.468248, -3.107567, 0.298006
-0.982976, 2.467842, -3.108739, 0.257044
-0.983905, 2.465754, -3.107377, 0.200260
-0.989103, 2.464508, -3.104009, 0.248591
-0.999613, 2.465035, -3.099203, 0.192674
-1.002216, 2.466952, -3.098954, 0.270481
-1.004840, 2.466875, -3.096289, 0.215648
-1.014211, 2.465573, -3.089038, 0.271131
-1.013463, 2.462621, -3.090521, 0.241439
-1.019690, 2.461432, -3.088625, 0.194408
-1.028600, 2.458921, -3.087174, 0.311227
-1.043589, 2.455639, -3.077612, 0.316645
-1.052174, 2.457029, -3.070507, 0.303641
-1.063673, 2.454300, -3.066422, 0.276550
-1.080920, 2.448568, -3.055624, 0.270048
-1.096983, 2.444726, -3.041820, 0.278283
-1.110367, 2.438005, -3.034142, 0.295839
-1.127914, 2.434902, -3.027809, 0.306892
-1.153651, 2.429266, -3.009069, 0.320980
-1.178652, 2.422862, -2.988487, 0.323147
-1.195714, 2.417057, -2.982308, 0.325748
-1.221159, 2.408727, -2.967001, 0.336584
-1.245062, 2.398134, -2.945899, 0.339619
-1.262692, 2.390430, -2.935371, 0.342219
-1.276029, 2.383921, -2.930545, 0.345470
-1.293820, 2.375358, -2.922826, 0.343736
-1.317786, 2.363670, -2.903636, 0.346337
-1.353584, 2.350897, -2.878497, 0.361292
-1.370585, 2.345261, -2.861279, 0.374296
-1.410199, 2.331312, -2.830979, 0.343953
-1.427764, 2.326242, -2.820113, 0.228652
-1.435507, 2.321732, -2.816336, 0.186606
-1.449197, 2.316584, -2.808419, 0.283485
-1.464576, 2.305547, -2.797788, 0.275466
-1.447179, 2.295739, -2.766905, 0.313177
-1.442403, 2.284957, -2.763142, 0.328349
-1.448468, 2.274506, -2.757179, 0.306025
-1.460063, 2.263690, -2.743653, 0.283702
-1.480993, 2.251216, -2.725470, 0.348721
-1.495453, 2.243723, -2.711248, 0.332683
-1.527866, 2.225084, -2.682152, 0.207846
-1.547024, 2.215604, -2.669260, 0.341569
-1.561676, 2.204908, -2.656365, 0.371478
-1.567897, 2.200676, -2.651172, 0.361292
-1.596471, 2.181536, -2.630372, 0.359341
-1.608613, 2.172913, -2.615671, 0.425878
-1.627258, 2.155437, -2.602602, 0.421760
-1.638833, 2.140635, -2.592830, 0.421326
-1.651851, 2.129634, -2.576288, 0.422193
-1.677927, 2.116500, -2.554257, 0.424144
-1.702386, 2.100079, -2.530297, 0.422844
-1.721988, 2.080991, -2.509049, 0.421110
-1.732880, 2.071066, -2.502881, 0.423277
-1.745686, 2.055896, -2.487356, 0.421977
-1.769817, 2.036717, -2.462924, 0.462939
-1.788664, 2.015894, -2.435460, 0.439749
-1.817341, 1.992657, -2.409061, 0.506719
-1.841828, 1.961322, -2.384752, 0.528175
-1.857291, 1.936302, -2.365828, 0.527958
-1.873268, 1.908789, -2.347750, 0.528175
-1.924974, 1.872275, -2.329009, 0.531860
-1.955344, 1.849794, -2.303680, 0.558301
-1.972311, 1.821711, -2.284652, 0.519506
-1.975284, 1.801348, -2.278762, 0.532943
-1.995631, 1.747207, -2.248018, 0.564803
-2.028172, 1.710129, -2.238189, 0.667100
-2.035820, 1.686664, -2.234960, 0.688990
-2.062528, 1.643338, -2.176554, 0.624404
-2.069027, 1.610808, -2.163117, 0.643043
-2.089609, 1.557763, -2.095959, 0.676853
-2.094183, 1.522938, -2.054388, 0.694625
-2.096616, 1.477154, -2.027693, 0.695709
-2.100948, 1.440936, -1.983637, 0.681621
-2.122700, 1.397277, -1.978559, 0.688557
-2.138043, 1.346187, -1.905565, 0.732336
-2.138801, 1.303970, -1.881075, 0.732770
-2.142019, 1.265218, -1.822298, 0.754660
-2.150968, 1.231964, -1.825651, 0.724534
-2.138073, 1.156031, -1.766470, 0.777850
-2.137840, 1.058309, -1.682118, 0.730603
-2.148419, 1.025439, -1.642886, 0.773299
-2.149055, 0.986999, -1.603486, 0.753576
-2.137499, 0.944176, -1.572215, 0.748808
-2.128544, 0.901590, -1.519595, 0.759645
-2.094330, 0.861104, -1.478844, 0.708496
-2.086054, 0.811421, -1.427183, 0.675553
-2.072300, 0.746326, -1.398611, 0.714564
-2.064760, 0.708331, -1.364639, 0.706762
-2.059910, 0.679762, -1.327918, 0.718249
-2.026463, 0.615821, -1.284800, 0.664933
-2.009575, 0.580395, -1.238863, 0.645210
-2.004508, 0.551699, -1.218830, 0.631556
-1.958852, 0.503617, -1.155282, 0.567837
-1.935596, 0.472349, -1.136848, 0.646727
-1.910413, 0.429865, -1.087876, 0.612917
-1.898032, 0.409595, -1.059047, 0.607716
-1.840714, 0.389280, -1.043462, 0.592328
-1.785436, 0.350279, -0.980082, 0.581491
-1.745620, 0.331352, -0.961042, 0.568704
-1.692453, 0.289651, -0.902892, 0.554400
-1.664619, 0.274012, -0.884172, 0.550715
-1.611975, 0.236572, -0.826290, 0.543346
-1.587937, 0.222471, -0.797687, 0.537495
-1.552024, 0.195329, -0.765947, 0.539879
-1.514328, 0.173205, -0.724284, 0.535544
-1.489759, 0.161037, -0.704490, 0.533377
-1.451452, 0.143305, -0.652040, 0.533160
-1.409719, 0.131889, -0.622599, 0.527525
-1.365873, 0.119622, -0.592686, 0.529909
-1.339217, 0.105267, -0.557018, 0.529692
-1.305075, 0.103878, -0.542760, 0.525574
-1.267755, 0.085883, -0.486822, 0.528825
-1.222290, 0.080007, -0.469600, 0.529042
-1.161713, 0.065599, -0.414898, 0.527525
-1.147786, 0.063000, -0.405291, 0.524707
-1.118955, 0.059766, -0.384559, 0.522757
-1.090862, 0.053161, -0.342021, 0.522107
-1.043867, 0.044892, -0.318254, 0.522974
-0.985156, 0.036951, -0.284197, 0.525574
-0.980059, 0.036761, -0.257398, 0.522540
-0.972534, 0.038096, -0.246641, 0.522107
-0.913285, 0.025969, -0.181501, 0.523624
-0.885725, 0.026946, -0.157649, 0.519723
-0.840331, 0.026646, -0.128159, 0.520156
-0.809599, 0.033869, -0.103588, 0.520590
-0.773044, 0.037849, -0.094646, 0.519506
-0.731221, 0.036117, -0.092914, 0.519289
-0.684418, 0.032226, -0.089605, 0.522540
-0.656035, 0.027233, -0.083739, 0.523840
-0.604370, 0.025230, -0.079834, 0.522974
-0.546625, 0.019735, -0.075387, 0.526008
-0.511782, 0.024003, -0.083912, 0.525141
-0.485129, 0.022064, -0.082003, 0.525358
-0.444524, 0.017486, -0.076072, 0.521890
-0.412911, 0.016887, -0.072075, 0.521456
-0.383906, 0.017923, -0.070397, 0.496749
-0.354782, 0.015886, -0.066638, 0.489597
-0.334631, 0.013425, -0.066184, 0.411140
-0.309325, 0.011111, -0.063068, 0.182271
-0.307080, 0.009448, -0.061992, 0.084959
-0.300233, 0.011972, -0.062126, 0.000000
-0.159521, -0.029242, -0.050639, 0.000000
-0.147671, -0.023029, -0.054050, 0.087126
-0.148344, -0.014841, -0.056392, 0.085609
-0.126912, -0.013203, -0.055859, 0.138925
-0.108431, -0.015295, -0.055529, 0.109666
-0.072401, -0.014681, -0.056193, 0.203728
-0.065895, -0.013134, -0.057028, 0.160165
-0.042421, -0.014121, -0.055826, 0.214131
-0.030855, -0.010871, -0.056646, 0.230386
-0.032440, -0.008769, -0.058344, 0.201994
-0.036684, -0.013058, -0.057077, 0.262245
-0.030917, -0.012888, -0.056272, 0.271131
-0.007652, -0.012683, -0.056238, 0.311010
0.007917, -0.013507, -0.056803, 0.299306
0.045257, -0.014102, -0.056789, 0.310577
0.070436, -0.017135, -0.057922, 0.242739
0.094891, -0.020814, -0.056049, 0.258561
0.081907, -0.021097, -0.054587, 0.211530
0.084666, -0.023268, -0.054886, 0.273082
0.091098, -0.023966, -0.055344, 0.209580
0.116230, -0.027528, -0.053824, 0.259645
0.144296, -0.029887, -0.056811, 0.319463
0.146079, -0.028790, -0.054996, 0.277417
0.155148, -0.031025, -0.054214, 0.188123
0.176207, -0.029817, -0.057414, 0.293238
0.190886, -0.033787, -0.057723, 0.259861
0.207987, -0.036019, -0.058251, 0.181838
0.176819, -0.027647, -0.065703, 0.228869
0.128582, -0.020804, -0.072854, 0.228435
0.039109, -0.010935, -0.082336, 0.250108
-0.014950, -0.009524, -0.082668, 0.303858
-0.050079, -0.003114, -0.088836, 0.331599
-0.095781, -0.004165, -0.092958, 0.270698
-0.140510, -0.000795, -0.101041, 0.273299
-0.185430, -0.001650, -0.104194, 0.276333
-0.202353, -0.003557, -0.107289, 0.263546
-0.199401, -0.010358, -0.097603, 0.151929
-0.209373, -0.015430, -0.096432, 0.235371
-0.224472, -0.016964, -0.108845, 0.254226
-0.220090, -0.018766, -0.096890, 0.237755
-0.202605, -0.021565, -0.098184, 0.279801
-0.210722, -0.022792, -0.098806, 0.291287
-0.201820, -0.021326, -0.098402, 0.277850
-0.246657, -0.027397, -0.094987, 0.225401
-0.240943, -0.028359, -0.098826, 0.135024
-0.247515, -0.032150, -0.097032, 0.100997
-0.242367, -0.035445, -0.096675, 0.138058
-0.241148, -0.035098, -0.095400, 0.147811
-0.241509, -0.035145, -0.098436, 0.211964
-0.241938, -0.037298, -0.097419, 0.254010
-0.233180, -0.039819, -0.096319, 0.339835
-0.223384, -0.039658, -0.095377, 0.285436
-0.211852, -0.040559, -0.096321, 0.239922
-0.211693, -0.042790, -0.096147, 0.260295
-0.211998, -0.043532, -0.096517, 0.296489
-0.205201, -0.044365, -0.095658, 0.241439
-0.213715, -0.040415, -0.098077, 0.345470
-0.197535, -0.040572, -0.099088, 0.288253
-0.161894, -0.047466, -0.097014, 0.302124
-0.139051, -0.049657, -0.098588, 0.193975
-0.125966, -0.053286, -0.098188, 0.245124
-0.136901, -0.056107, -0.098581, 0.328349
-0.140209, -0.061866, -0.095951, 0.250325
-0.113510, -0.064074, -0.094788, 0.345470
-0.112636, -0.062322, -0.095421, 0.276333
-0.097008, -0.061282, -0.096596, 0.227352
-0.102599, -0.059571, -0.095694, 0.327265
-0.094886, -0.060357, -0.095354, 0.274816
-0.073932, -0.062638, -0.097171, 0.194625
-0.043340, -0.064368, -0.096939, 0.158648
-0.011875, -0.062853, -0.098620, 0.253793
0.050068, -0.069096, -0.095935, 0.212180
0.019544, -0.071696, -0.097636, 0.191808
0.008550, -0.068400, -0.096344, 0.230603
0.017864, -0.070346, -0.096725, 0.265063
0.053332, -0.072578, -0.096281, 0.230819
0.086214, -0.072866, -0.097771, 0.112050
0.089345, -0.075244, -0.095895, 0.167967
0.093078, -0.076833, -0.095699, 0.211530
0.094324, -0.078882, -0.094719, 0.180104
0.102511, -0.081261, -0.094906, 0.206762
0.135615, -0.081704, -0.095133, 0.235587
0.126810, -0.079746, -0.095056, 0.270264
0.174767, -0.084127, -0.094630, 0.321630
0.240429, -0.087603, -0.092325, 0.402037
0.299348, -0.090444, -0.091633, 0.401387
0.357813, -0.095081, -0.092182, 0.404855
0.380009, -0.097270, -0.092253, 0.417208
0.416646, -0.100062, -0.093223, 0.460988
0.450307, -0.101394, -0.094635, 0.471608
0.484969, -0.101237, -0.094666, 0.470091
0.508410, -0.103575, -0.097509, 0.330082
0.544665, -0.106782, -0.100255, 0.121803
0.547857, -0.113188, -0.098775, 0.071088
0.567118, -0.115981, -0.097944, 0.000000
0.561057, 0.245022, 3.070094, 0.000000
